Date,Temparature
2015/1/1,2.4
2015/1/2,2.4
2015/1/3,4
2015/1/4,6.9
2015/1/5,9
2015/1/6,9.3
2015/1/7,6
2015/1/8,5.1
2015/1/9,5.7
2015/1/10,6
2015/1/11,6.5
2015/1/12,4.8
2015/1/13,5.9
2015/1/14,6.1
2015/1/15,8.5
2015/1/16,7.7
2015/1/17,5.7
2015/1/18,5.3
2015/1/19,7.1
2015/1/20,6.8
2015/1/21,7.3
2015/1/22,9.3
2015/1/23,6.5
2015/1/24,6.7
2015/1/25,7.9
2015/1/26,9.5
2015/1/27,10.3
2015/1/28,3.9
2015/1/29,3.6
2015/1/30,6
2015/1/31,3.8
2015/2/1,3.1
2015/2/2,4.5
2015/2/3,5.7
2015/2/4,6.6
2015/2/5,6.5
2015/2/6,5.6
2015/2/7,6
2015/2/8,6.2
2015/2/9,1.4
2015/2/10,4.5
2015/2/11,8.4
2015/2/12,7.7
2015/2/13,3.7
2015/2/14,4.9
2015/2/15,7
2015/2/16,6.9
2015/2/17,8
2015/2/18,7.6
2015/2/19,6
2015/2/20,6
2015/2/21,7.8
2015/2/22,12.4
2015/2/23,12.5
2015/2/24,9.2
2015/2/25,9.6
2015/2/26,9.6
2015/2/27,6.8
2015/2/28,6.8
2015/3/1,8.1
2015/3/2,7.2
2015/3/3,8
2015/3/4,9.6
2015/3/5,5.8
2015/3/6,7.5
2015/3/7,9.1
2015/3/8,10.2
2015/3/9,9.9
2015/3/10,4.5
2015/3/11,4.4
2015/3/12,7.4
2015/3/13,8.1
2015/3/14,8.1
2015/3/15,8.3
2015/3/16,13
2015/3/17,13.5
2015/3/18,15.8
2015/3/19,16.2
2015/3/20,14.2
2015/3/21,12.7
2015/3/22,14
2015/3/23,9.6
2015/3/24,6.8
2015/3/25,7
2015/3/26,8.3
2015/3/27,11.2
2015/3/28,14.2
2015/3/29,13.7
2015/3/30,13.9
2015/3/31,16.5
2015/4/1,15.3
2015/4/2,15.3
2015/4/3,18.1
2015/4/4,18.3
2015/4/5,16.9
2015/4/6,16.1
2015/4/7,10.7
2015/4/8,8.1
2015/4/9,11.1
2015/4/10,11.7
2015/4/11,12.6
2015/4/12,14.5
2015/4/13,14.4
2015/4/14,15.5
2015/4/15,13
2015/4/16,16.1
2015/4/17,16.3
2015/4/18,16
2015/4/19,18.4
2015/4/20,18.4
2015/4/21,14
2015/4/22,15.5
2015/4/23,17.9
2015/4/24,18.7
2015/4/25,18.7
2015/4/26,18.6
2015/4/27,20.5
2015/4/28,20.3
2015/4/29,19.6
2015/4/30,19.6
2015/5/1,20.6
2015/5/2,20.8
2015/5/3,20.8
2015/5/4,20
2015/5/5,18.7
2015/5/6,19.8
2015/5/7,19.9
2015/5/8,20.6
2015/5/9,19.4
2015/5/10,18.8
2015/5/11,18
2015/5/12,18.8
2015/5/13,19.5
2015/5/14,20.6
2015/5/15,23.2
2015/5/16,20.9
2015/5/17,20.4
2015/5/18,20.3
2015/5/19,22.3
2015/5/20,21.1
2015/5/21,18.1
2015/5/22,20.7
2015/5/23,21
2015/5/24,21.9
2015/5/25,22
2015/5/26,23.8
2015/5/27,25
2015/5/28,24.8
2015/5/29,25.3
2015/5/30,23.9
2015/5/31,23.8
2015/6/1,23.1
2015/6/2,24.1
2015/6/3,21.6
2015/6/4,21.6
2015/6/5,17.2
2015/6/6,19.4
2015/6/7,21.1
2015/6/8,21.3
2015/6/9,20.7
2015/6/10,22.8
2015/6/11,22.3
2015/6/12,23.4
2015/6/13,24.8
2015/6/14,22.6
2015/6/15,23.6
2015/6/16,23.6
2015/6/17,23.9
2015/6/18,22.3
2015/6/19,20.9
2015/6/20,23.2
2015/6/21,23.8
2015/6/22,23.8
2015/6/23,24.4
2015/6/24,25.2
2015/6/25,25.6
2015/6/26,22.9
2015/6/27,23.9
2015/6/28,21.9
2015/6/29,22.8
2015/6/30,22.9
2015/7/1,23.5
2015/7/2,24
2015/7/3,24.2
2015/7/4,22.2
2015/7/5,22.4
2015/7/6,22.9
2015/7/7,23.4
2015/7/8,25.5
2015/7/9,26.3
2015/7/10,26.4
2015/7/11,26.7
2015/7/12,28.3
2015/7/13,28.4
2015/7/14,28.5
2015/7/15,29.6
2015/7/16,28.1
2015/7/17,23.4
2015/7/18,25.4
2015/7/19,26.9
2015/7/20,27.8
2015/7/21,27.3
2015/7/22,25.2
2015/7/23,24.9
2015/7/24,27.5
2015/7/25,28
2015/7/26,28.4
2015/7/27,28.1
2015/7/28,29.4
2015/7/29,29.8
2015/7/30,30.4
2015/7/31,31
2015/8/1,31.1
2015/8/2,30
2015/8/3,30.1
2015/8/4,30.1
2015/8/5,30.6
2015/8/6,30.1
2015/8/7,30.8
2015/8/8,30.5
2015/8/9,30
2015/8/10,30.2
2015/8/11,30.3
2015/8/12,29.2
2015/8/13,27.5
2015/8/14,28.8
2015/8/15,28.8
2015/8/16,27.4
2015/8/17,25.8
2015/8/18,27.4
2015/8/19,25.9
2015/8/20,26.1
2015/8/21,27.3
2015/8/22,28.7
2015/8/23,28.2
2015/8/24,28
2015/8/25,26
2015/8/26,27.1
2015/8/27,27.3
2015/8/28,27.7
2015/8/29,26.6
2015/8/30,25.8
2015/8/31,25
2015/9/1,25.6
2015/9/2,26.1
2015/9/3,24
2015/9/4,26
2015/9/5,25.5
2015/9/6,23.3
2015/9/7,24.1
2015/9/8,23.2
2015/9/9,22.8
2015/9/10,23
2015/9/11,22.5
2015/9/12,23.4
2015/9/13,24.5
2015/9/14,23
2015/9/15,24
2015/9/16,22.8
2015/9/17,21.9
2015/9/18,22.6
2015/9/19,22.6
2015/9/20,22.9
2015/9/21,23.3
2015/9/22,24
2015/9/23,25.1
2015/9/24,22
2015/9/25,22.8
2015/9/26,24.4
2015/9/27,23.8
2015/9/28,23.6
2015/9/29,23.1
2015/9/30,20.9
2015/10/1,22.2
2015/10/2,23.1
2015/10/3,21.3
2015/10/4,20.9
2015/10/5,19.1
2015/10/6,19.7
2015/10/7,20.1
2015/10/8,20
2015/10/9,20
2015/10/10,20.2
2015/10/11,20.2
2015/10/12,18.3
2015/10/13,19
2015/10/14,19
2015/10/15,18.7
2015/10/16,19.4
2015/10/17,20.3
2015/10/18,20.9
2015/10/19,20.1
2015/10/20,20.7
2015/10/21,21.4
2015/10/22,19.4
2015/10/23,19.2
2015/10/24,20.4
2015/10/25,16.1
2015/10/26,15.3
2015/10/27,19.8
2015/10/28,19
2015/10/29,16.4
2015/10/30,17
2015/10/31,14.7
2015/11/1,14.4
2015/11/2,14.2
2015/11/3,15.5
2015/11/4,17
2015/11/5,19.4
2015/11/6,19.6
2015/11/7,19.9
2015/11/8,17.9
2015/11/9,19.5
2015/11/10,18.1
2015/11/11,15.6
2015/11/12,16.1
2015/11/13,16.2
2015/11/14,17.8
2015/11/15,18.3
2015/11/16,17.1
2015/11/17,18.7
2015/11/18,17.6
2015/11/19,15.3
2015/11/20,15.7
2015/11/21,16.3
2015/11/22,15.5
2015/11/23,17.3
2015/11/24,15.1
2015/11/25,11.3
2015/11/26,11.1
2015/11/27,8.5
2015/11/28,10.3
2015/11/29,10.5
2015/11/30,11.8
2015/12/1,11.3
2015/12/2,13.1
2015/12/3,12.3
2015/12/4,8.9
2015/12/5,10.5
2015/12/6,11.1
2015/12/7,11.1
2015/12/8,10.3
2015/12/9,10.7
2015/12/10,14.6
2015/12/11,16
2015/12/12,12.1
2015/12/13,12.7
2015/12/14,12.9
2015/12/15,14.2
2015/12/16,12.7
2015/12/17,7.3
2015/12/18,6.9
2015/12/19,7.7
2015/12/20,7.9
2015/12/21,9.6
2015/12/22,10.9
2015/12/23,10.7
2015/12/24,13
2015/12/25,11
2015/12/26,8.9
2015/12/27,8
2015/12/28,6.2
2015/12/29,6.5
2015/12/30,7.2
2015/12/31,7.2
2016/1/1,7.9
2016/1/2,8.8
2016/1/3,11
2016/1/4,11.8
2016/1/5,10.3
2016/1/6,10.2
2016/1/7,9.1
2016/1/8,8
2016/1/9,7.3
2016/1/10,8
2016/1/11,8.5
2016/1/12,7.3
2016/1/13,5.6
2016/1/14,5.5
2016/1/15,6.1
2016/1/16,6.4
2016/1/17,6.9
2016/1/18,8.7
2016/1/19,2.6
2016/1/20,4
2016/1/21,5.3
2016/1/22,5.4
2016/1/23,4.5
2016/1/24,-0.8
2016/1/25,1.4
2016/1/26,4.6
2016/1/27,7.3
2016/1/28,8.1
2016/1/29,9.2
2016/1/30,8.8
2016/1/31,8
2016/2/1,7.8
2016/2/2,6.7
2016/2/3,5.5
2016/2/4,6.5
2016/2/5,7.6
2016/2/6,6.8
2016/2/7,4.6
2016/2/8,5.7
2016/2/9,7.5
2016/2/10,5.6
2016/2/11,6.9
2016/2/12,11.9
2016/2/13,14.7
2016/2/14,15.5
2016/2/15,6.4
2016/2/16,4.5
2016/2/17,5.9
2016/2/18,6
2016/2/19,9.7
2016/2/20,10
2016/2/21,7.8
2016/2/22,6.3
2016/2/23,8.2
2016/2/24,5.4
2016/2/25,4.5
2016/2/26,5.6
2016/2/27,8.2
2016/2/28,10.5
2016/2/29,8.9
2016/3/1,3.4
2016/3/2,6.5
2016/3/3,9.7
2016/3/4,11.8
2016/3/5,15.7
2016/3/6,17.1
2016/3/7,17.7
2016/3/8,15
2016/3/9,9.6
2016/3/10,7.6
2016/3/11,7.3
2016/3/12,7.1
2016/3/13,9
2016/3/14,7.2
2016/3/15,8.4
2016/3/16,9.2
2016/3/17,12.7
2016/3/18,15
2016/3/19,14
2016/3/20,11.2
2016/3/21,9.8
2016/3/22,10
2016/3/23,12.9
2016/3/24,9.2
2016/3/25,7.2
2016/3/26,8.1
2016/3/27,9.8
2016/3/28,10.5
2016/3/29,12
2016/3/30,14.6
2016/3/31,16.1
2016/4/1,15.4
2016/4/2,17.4
2016/4/3,18
2016/4/4,16.2
2016/4/5,14.4
2016/4/6,16.3
2016/4/7,17.2
2016/4/8,15.5
2016/4/9,16.6
2016/4/10,17.3
2016/4/11,11.2
2016/4/12,11.9
2016/4/13,16.3
2016/4/14,18.6
2016/4/15,15.5
2016/4/16,16.2
2016/4/17,20.2
2016/4/18,16
2016/4/19,15.5
2016/4/20,15.8
2016/4/21,16.4
2016/4/22,19.3
2016/4/23,18.3
2016/4/24,17.8
2016/4/25,18.7
2016/4/26,20.2
2016/4/27,18.8
2016/4/28,16.5
2016/4/29,13.4
2016/4/30,15
2016/5/1,19.5
2016/5/2,20.5
2016/5/3,20.6
2016/5/4,19.9
2016/5/5,20.9
2016/5/6,18
2016/5/7,19.2
2016/5/8,19.5
2016/5/9,17.3
2016/5/10,18.9
2016/5/11,19.5
2016/5/12,18.8
2016/5/13,20.8
2016/5/14,21.9
2016/5/15,22.2
2016/5/16,21.2
2016/5/17,17.9
2016/5/18,19.3
2016/5/19,21.4
2016/5/20,21.5
2016/5/21,22.4
2016/5/22,22.1
2016/5/23,23.7
2016/5/24,23.6
2016/5/25,23.1
2016/5/26,23.6
2016/5/27,23.6
2016/5/28,20.9
2016/5/29,21.2
2016/5/30,21.5
2016/5/31,23.1
2016/6/1,21
2016/6/2,19.7
2016/6/3,20.4
2016/6/4,21.8
2016/6/5,20.2
2016/6/6,22.1
2016/6/7,20.9
2016/6/8,23.1
2016/6/9,23.7
2016/6/10,24.6
2016/6/11,25.3
2016/6/12,24.4
2016/6/13,23.2
2016/6/14,24.6
2016/6/15,25.1
2016/6/16,23.2
2016/6/17,24.4
2016/6/18,25.3
2016/6/19,22.4
2016/6/20,24.9
2016/6/21,25.1
2016/6/22,24.6
2016/6/23,25.8
2016/6/24,23.4
2016/6/25,23.8
2016/6/26,23.6
2016/6/27,23.4
2016/6/28,21.3
2016/6/29,23.1
2016/6/30,25
2016/7/1,26
2016/7/2,27.6
2016/7/3,28.1
2016/7/4,28.8
2016/7/5,29.3
2016/7/6,28.3
2016/7/7,28.5
2016/7/8,26.6
2016/7/9,24
2016/7/10,27.4
2016/7/11,27.9
2016/7/12,27.8
2016/7/13,26.9
2016/7/14,26.8
2016/7/15,25.5
2016/7/16,26.7
2016/7/17,28.4
2016/7/18,28.2
2016/7/19,28.5
2016/7/20,28.3
2016/7/21,28
2016/7/22,28.3
2016/7/23,27.3
2016/7/24,26.6
2016/7/25,26.5
2016/7/26,25.8
2016/7/27,27.4
2016/7/28,28.6
2016/7/29,28.6
2016/7/30,28.7
2016/7/31,28.7
2016/8/1,29.7
2016/8/2,29.7
2016/8/3,29.6
2016/8/4,29.5
2016/8/5,29.3
2016/8/6,29.4
2016/8/7,29.9
2016/8/8,30.8
2016/8/9,30.3
2016/8/10,29.2
2016/8/11,29.1
2016/8/12,28.9
2016/8/13,29.3
2016/8/14,29.3
2016/8/15,29.9
2016/8/16,29.9
2016/8/17,29.7
2016/8/18,30.9
2016/8/19,31
2016/8/20,31.2
2016/8/21,32.1
2016/8/22,31.4
2016/8/23,30.8
2016/8/24,30.3
2016/8/25,29.8
2016/8/26,29.6
2016/8/27,27.5
2016/8/28,27.5
2016/8/29,24.8
2016/8/30,24.8
2016/8/31,26.9
2016/9/1,27
2016/9/2,27.7
2016/9/3,29.1
2016/9/4,28.8
2016/9/5,26.9
2016/9/6,27.9
2016/9/7,28.8
2016/9/8,26.6
2016/9/9,25.7
2016/9/10,26
2016/9/11,27.1
2016/9/12,27.8
2016/9/13,26.1
2016/9/14,25.8
2016/9/15,25.7
2016/9/16,26.4
2016/9/17,27.6
2016/9/18,25.5
2016/9/19,24.6
2016/9/20,22.6
2016/9/21,23.1
2016/9/22,23.8
2016/9/23,23.7
2016/9/24,23.6
2016/9/25,25.9
2016/9/26,26.2
2016/9/27,27.6
2016/9/28,26.4
2016/9/29,23.7
2016/9/30,23.1
2016/10/1,24.4
2016/10/2,26.5
2016/10/3,24.9
2016/10/4,24.2
2016/10/5,25.1
2016/10/6,23.9
2016/10/7,22.9
2016/10/8,25.7
2016/10/9,21.7
2016/10/10,19.1
2016/10/11,19.1
2016/10/12,19.4
2016/10/13,17.9
2016/10/14,18.2
2016/10/15,19.8
2016/10/16,22.2
2016/10/17,22.6
2016/10/18,23.2
2016/10/19,23.4
2016/10/20,22.8
2016/10/21,19
2016/10/22,18
2016/10/23,19
2016/10/24,17.3
2016/10/25,18.2
2016/10/26,21.7
2016/10/27,18.8
2016/10/28,17.6
2016/10/29,16.9
2016/10/30,14.7
2016/10/31,15.8
2016/11/1,14.8
2016/11/2,14.1
2016/11/3,14.2
2016/11/4,14.4
2016/11/5,15.2
2016/11/6,14
2016/11/7,13.8
2016/11/8,14.4
2016/11/9,10.1
2016/11/10,10.7
2016/11/11,15
2016/11/12,15.4
2016/11/13,16.5
2016/11/14,17.1
2016/11/15,16.8
2016/11/16,12.3
2016/11/17,12.6
2016/11/18,14.5
2016/11/19,17
2016/11/20,18.5
2016/11/21,16.9
2016/11/22,17.9
2016/11/23,11.3
2016/11/24,10.7
2016/11/25,11.1
2016/11/26,12.3
2016/11/27,12.8
2016/11/28,11.4
2016/11/29,11
2016/11/30,10.8
2016/12/1,14.1
2016/12/2,11.9
2016/12/3,11.4
2016/12/4,13
2016/12/5,14.9
2016/12/6,11.4
2016/12/7,9.6
2016/12/8,10.4
2016/12/9,11.5
2016/12/10,8.6
2016/12/11,7.7
2016/12/12,7.8
2016/12/13,10.6
2016/12/14,8.8
2016/12/15,6.5
2016/12/16,5.3
2016/12/17,8.1
2016/12/18,9.6
2016/12/19,9.9
2016/12/20,11.4
2016/12/21,12.6
2016/12/22,16.8
2016/12/23,11.3
2016/12/24,8.5
2016/12/25,8.8
2016/12/26,10.6
2016/12/27,11.4
2016/12/28,5
2016/12/29,5.7
2016/12/30,5.9
2016/12/31,7.2
2017/1/1,9.1
2017/1/2,9
2017/1/3,10.3
2017/1/4,9.3
2017/1/5,7.5
2017/1/6,7.3
2017/1/7,6.9
2017/1/8,7.6
2017/1/9,9.2
2017/1/10,9.6
2017/1/11,6.9
2017/1/12,6.4
2017/1/13,6.1
2017/1/14,2.7
2017/1/15,1.3
2017/1/16,3.5
2017/1/17,4.7
2017/1/18,5.7
2017/1/19,7.2
2017/1/20,5.1
2017/1/21,4.8
2017/1/22,4.6
2017/1/23,1.9
2017/1/24,2.7
2017/1/25,3.8
2017/1/26,4.5
2017/1/27,7.8
2017/1/28,8
2017/1/29,7.9
2017/1/30,9.4
2017/1/31,4.2
2017/2/1,4.7
2017/2/2,5.8
2017/2/3,8
2017/2/4,7.3
2017/2/5,8.2
2017/2/6,7.3
2017/2/7,4.3
2017/2/8,5.3
2017/2/9,4.1
2017/2/10,3.3
2017/2/11,2.8
2017/2/12,3.6
2017/2/13,5.1
2017/2/14,4.9
2017/2/15,6
2017/2/16,8
2017/2/17,11
2017/2/18,7.8
2017/2/19,6.4
2017/2/20,9.8
2017/2/21,4.1
2017/2/22,6.3
2017/2/23,11.4
2017/2/24,5.9
2017/2/25,6.8
2017/2/26,8.1
2017/2/27,6.9
2017/2/28,6.6
2017/3/1,8.1
2017/3/2,9.8
2017/3/3,8.3
2017/3/4,9.1
2017/3/5,10.6
2017/3/6,10.3
2017/3/7,6.6
2017/3/8,5.3
2017/3/9,6.6
2017/3/10,8.5
2017/3/11,7.8
2017/3/12,7.9
2017/3/13,10.1
2017/3/14,9.2
2017/3/15,6.9
2017/3/16,8.1
2017/3/17,8.6
2017/3/18,9.1
2017/3/19,10.5
2017/3/20,12.3
2017/3/21,9.8
2017/3/22,9.3
2017/3/23,10
2017/3/24,8.7
2017/3/25,8.4
2017/3/26,10.3
2017/3/27,10.1
2017/3/28,9.7
2017/3/29,10.9
2017/3/30,14.4
2017/3/31,9.1
2017/4/1,9
2017/4/2,10.2
2017/4/3,12.1
2017/4/4,13.4
2017/4/5,15.9
2017/4/6,16.5
2017/4/7,17.4
2017/4/8,17.8
2017/4/9,15.6
2017/4/10,13
2017/4/11,13
2017/4/12,13.2
2017/4/13,12.8
2017/4/14,16
2017/4/15,17.9
2017/4/16,18.9
2017/4/17,18.7
2017/4/18,18.5
2017/4/19,17.4
2017/4/20,14.8
2017/4/21,16.3
2017/4/22,15.5
2017/4/23,14.2
2017/4/24,17.1
2017/4/25,18
2017/4/26,16.2
2017/4/27,15.6
2017/4/28,15.9
2017/4/29,17.2
2017/4/30,19
2017/5/1,20.1
2017/5/2,17.3
2017/5/3,19.2
2017/5/4,20.2
2017/5/5,20.5
2017/5/6,20.4
2017/5/7,20.1
2017/5/8,21.7
2017/5/9,19.4
2017/5/10,18.7
2017/5/11,20.1
2017/5/12,21.9
2017/5/13,17.8
2017/5/14,20
2017/5/15,20.8
2017/5/16,18.5
2017/5/17,19.3
2017/5/18,19.9
2017/5/19,21.1
2017/5/20,22.8
2017/5/21,22.8
2017/5/22,22.5
2017/5/23,22.4
2017/5/24,21.5
2017/5/25,20.4
2017/5/26,22.5
2017/5/27,20
2017/5/28,20.4
2017/5/29,22.7
2017/5/30,23.9
2017/5/31,23.9
2017/6/1,22.7
2017/6/2,20.6
2017/6/3,19.1
2017/6/4,20.1
2017/6/5,20.7
2017/6/6,21.3
2017/6/7,19.4
2017/6/8,21.2
2017/6/9,22.2
2017/6/10,23.6
2017/6/11,21.3
2017/6/12,19.8
2017/6/13,19.9
2017/6/14,21.1
2017/6/15,22.8
2017/6/16,23.5
2017/6/17,22.4
2017/6/18,24.1
2017/6/19,24.6
2017/6/20,24.4
2017/6/21,21.7
2017/6/22,22.9
2017/6/23,24.7
2017/6/24,24.7
2017/6/25,23.6
2017/6/26,25
2017/6/27,24.4
2017/6/28,23.9
2017/6/29,24.4
2017/6/30,25
2017/7/1,26.2
2017/7/2,27.5
2017/7/3,27.6
2017/7/4,26.5
2017/7/5,24.9
2017/7/6,25.7
2017/7/7,26.3
2017/7/8,27.2
2017/7/9,26.9
2017/7/10,27.2
2017/7/11,28.5
2017/7/12,28.3
2017/7/13,29.2
2017/7/14,28.8
2017/7/15,28.3
2017/7/16,29.3
2017/7/17,29.1
2017/7/18,28
2017/7/19,28.4
2017/7/20,30.1
2017/7/21,30.3
2017/7/22,29.4
2017/7/23,28.2
2017/7/24,28.4
2017/7/25,28.3
2017/7/26,29
2017/7/27,29.4
2017/7/28,28.9
2017/7/29,29.6
2017/7/30,28.6
2017/7/31,29.6
2017/8/1,29.5
2017/8/2,29.8
2017/8/3,29.6
2017/8/4,30.2
2017/8/5,30
2017/8/6,30.6
2017/8/7,27.4
2017/8/8,28.5
2017/8/9,29
2017/8/10,29.9
2017/8/11,30.5
2017/8/12,29.3
2017/8/13,28.4
2017/8/14,27.9
2017/8/15,26.6
2017/8/16,28.5
2017/8/17,28.4
2017/8/18,28.9
2017/8/19,29.5
2017/8/20,29.4
2017/8/21,29.7
2017/8/22,29.5
2017/8/23,30.3
2017/8/24,30.7
2017/8/25,30.9
2017/8/26,27.9
2017/8/27,28.5
2017/8/28,28.7
2017/8/29,29.4
2017/8/30,28.5
2017/8/31,27.4
2017/9/1,26.2
2017/9/2,25.7
2017/9/3,25.5
2017/9/4,24.7
2017/9/5,24.8
2017/9/6,25.4
2017/9/7,26.5
2017/9/8,26.2
2017/9/9,26.2
2017/9/10,27.5
2017/9/11,26.8
2017/9/12,25.7
2017/9/13,25.7
2017/9/14,25.3
2017/9/15,23.4
2017/9/16,21.3
2017/9/17,24
2017/9/18,25
2017/9/19,24.5
2017/9/20,24.5
2017/9/21,23.1
2017/9/22,22
2017/9/23,23.3
2017/9/24,23.7
2017/9/25,24.3
2017/9/26,24.7
2017/9/27,24.5
2017/9/28,22.3
2017/9/29,21.2
2017/9/30,22
2017/10/1,21.6
2017/10/2,21.4
2017/10/3,22.2
2017/10/4,18.9
2017/10/5,19.9
2017/10/6,19
2017/10/7,20.6
2017/10/8,23.5
2017/10/9,24
2017/10/10,24.3
2017/10/11,24
2017/10/12,22.4
2017/10/13,19.2
2017/10/14,19.7
2017/10/15,17.6
2017/10/16,16.1
2017/10/17,15.9
2017/10/18,17.2
2017/10/19,16.2
2017/10/20,17.6
2017/10/21,18.4
2017/10/22,18.7
2017/10/23,16.3
2017/10/24,15.3
2017/10/25,16.8
2017/10/26,17.2
2017/10/27,18.4
2017/10/28,17.8
2017/10/29,18.5
2017/10/30,13.8
2017/10/31,13.4
2017/11/1,14.1
2017/11/2,15.7
2017/11/3,17.3
2017/11/4,16
2017/11/5,13.1
2017/11/6,14.9
2017/11/7,17.2
2017/11/8,17.1
2017/11/9,15.2
2017/11/10,14.4
2017/11/11,15.4
2017/11/12,12.6
2017/11/13,13.8
2017/11/14,13.6
2017/11/15,13.1
2017/11/16,10.8
2017/11/17,10.9
2017/11/18,10.9
2017/11/19,8.6
2017/11/20,7.8
2017/11/21,8.7
2017/11/22,10.9
2017/11/23,10.9
2017/11/24,8.7
2017/11/25,9.4
2017/11/26,11.1
2017/11/27,12.8
2017/11/28,13.5
2017/11/29,14.8
2017/11/30,14.1
2017/12/1,10.3
2017/12/2,8.5
2017/12/3,10.3
2017/12/4,9.4
2017/12/5,6.7
2017/12/6,6
2017/12/7,7.8
2017/12/8,7.4
2017/12/9,6.8
2017/12/10,10.2
2017/12/11,8.3
2017/12/12,3.3
2017/12/13,4.2
2017/12/14,5.4
2017/12/15,7.2
2017/12/16,8.5
2017/12/17,4.2
2017/12/18,5.4
2017/12/19,7.3
2017/12/20,6.7
2017/12/21,6.9
2017/12/22,6.7
2017/12/23,8.2
2017/12/24,10
2017/12/25,8.9
2017/12/26,6.4
2017/12/27,4.9
2017/12/28,5.4
2017/12/29,7.3
2017/12/30,7.2
2017/12/31,7.2
2018/1/1,6.7
2018/1/2,7
2018/1/3,5
2018/1/4,4.9
2018/1/5,3.9
2018/1/6,6.3
2018/1/7,6.4
2018/1/8,8.5
2018/1/9,7.9
2018/1/10,4.7
2018/1/11,1.9
2018/1/12,1.8
2018/1/13,2.7
2018/1/14,4.1
2018/1/15,5.8
2018/1/16,9
2018/1/17,12.1
2018/1/18,10.8
2018/1/19,9.3
2018/1/20,8.2
2018/1/21,7.8
2018/1/22,4.9
2018/1/23,5.2
2018/1/24,0.1
2018/1/25,0.3
2018/1/26,1.5
2018/1/27,1.5
2018/1/28,2.4
2018/1/29,4.1
2018/1/30,2.5
2018/1/31,4
2018/2/1,3.5
2018/2/2,4.3
2018/2/3,4.3
2018/2/4,2.7
2018/2/5,1.3
2018/2/6,0.7
2018/2/7,1.5
2018/2/8,3.2
2018/2/9,4.4
2018/2/10,6.1
2018/2/11,4.7
2018/2/12,2.2
2018/2/13,2.9
2018/2/14,5.5
2018/2/15,8.4
2018/2/16,6.6
2018/2/17,6.1
2018/2/18,3.7
2018/2/19,5.2
2018/2/20,7.6
2018/2/21,6.8
2018/2/22,6.4
2018/2/23,6.9
2018/2/24,7.8
2018/2/25,7.2
2018/2/26,8.6
2018/2/27,8.7
2018/2/28,11.4
2018/3/1,12.4
2018/3/2,8.1
2018/3/3,9.7
2018/3/4,14.8
2018/3/5,13.9
2018/3/6,7.6
2018/3/7,8.2
2018/3/8,11.6
2018/3/9,7.2
2018/3/10,5.9
2018/3/11,7.5
2018/3/12,8.9
2018/3/13,12.7
2018/3/14,15.3
2018/3/15,16.1
2018/3/16,10.2
2018/3/17,8
2018/3/18,12
2018/3/19,14.8
2018/3/20,9.3
2018/3/21,9.2
2018/3/22,10
2018/3/23,8.4
2018/3/24,10.1
2018/3/25,12.5
2018/3/26,14.1
2018/3/27,15.3
2018/3/28,16.4
2018/3/29,17.6
2018/3/30,13.4
2018/3/31,13
2018/4/1,16.2
2018/4/2,17.9
2018/4/3,18.5
2018/4/4,18.3
2018/4/5,14.6
2018/4/6,16.9
2018/4/7,10.5
2018/4/8,8.9
2018/4/9,11.9
2018/4/10,15.1
2018/4/11,17.6
2018/4/12,17.9
2018/4/13,15
2018/4/14,14.8
2018/4/15,15
2018/4/16,13.7
2018/4/17,14.9
2018/4/18,16.1
2018/4/19,17.4
2018/4/20,19.3
2018/4/21,19.7
2018/4/22,19.8
2018/4/23,20.2
2018/4/24,19.2
2018/4/25,17.2
2018/4/26,16.4
2018/4/27,17.9
2018/4/28,17.6
2018/4/29,19.4
2018/4/30,19.6
2018/5/1,20.5
2018/5/2,20.2
2018/5/3,18.9
2018/5/4,15.9
2018/5/5,18.3
2018/5/6,18.7
2018/5/7,18.4
2018/5/8,17.9
2018/5/9,16.1
2018/5/10,14.5
2018/5/11,16.7
2018/5/12,19.1
2018/5/13,18.4
2018/5/14,20.9
2018/5/15,21.3
2018/5/16,22.8
2018/5/17,23.4
2018/5/18,23.4
2018/5/19,17.2
2018/5/20,18.2
2018/5/21,21.1
2018/5/22,21
2018/5/23,19.3
2018/5/24,21.1
2018/5/25,23
2018/5/26,22.5
2018/5/27,22.1
2018/5/28,22.9
2018/5/29,23.5
2018/5/30,20.5
2018/5/31,19.8
2018/6/1,21.5
2018/6/2,21.2
2018/6/3,22.5
2018/6/4,23
2018/6/5,22.3
2018/6/6,20.1
2018/6/7,22.7
2018/6/8,23.1
2018/6/9,24.6
2018/6/10,22.6
2018/6/11,24.1
2018/6/12,21.6
2018/6/13,21
2018/6/14,21.5
2018/6/15,21.6
2018/6/16,20.8
2018/6/17,22.3
2018/6/18,24.4
2018/6/19,22.6
2018/6/20,21.8
2018/6/21,22.8
2018/6/22,24
2018/6/23,22.2
2018/6/24,23.5
2018/6/25,25.3
2018/6/26,26.3
2018/6/27,25.9
2018/6/28,25.9
2018/6/29,25.1
2018/6/30,26.7
2018/7/1,28
2018/7/2,28.3
2018/7/3,28.6
2018/7/4,26.3
2018/7/5,24.4
2018/7/6,24.1
2018/7/7,24.6
2018/7/8,26.4
2018/7/9,27.6
2018/7/10,27.6
2018/7/11,28.3
2018/7/12,29.1
2018/7/13,29.8
2018/7/14,30.5
2018/7/15,29.9
2018/7/16,30.2
2018/7/17,29.5
2018/7/18,31.2
2018/7/19,31.3
2018/7/20,30.1
2018/7/21,29.8
2018/7/22,29.5
2018/7/23,31.5
2018/7/24,31.6
2018/7/25,30.4
2018/7/26,29.9
2018/7/27,27.9
2018/7/28,28.8
2018/7/29,27.3
2018/7/30,29.8
2018/7/31,30.7
2018/8/1,29.6
2018/8/2,29.1
2018/8/3,30.7
2018/8/4,30.9
2018/8/5,30.8
2018/8/6,30.9
2018/8/7,30
2018/8/8,28.3
2018/8/9,28.8
2018/8/10,29
2018/8/11,29.4
2018/8/12,29.9
2018/8/13,29.9
2018/8/14,30.4
2018/8/15,28.7
2018/8/16,27.9
2018/8/17,25.8
2018/8/18,25.7
2018/8/19,27.1
2018/8/20,28.9
2018/8/21,30.2
2018/8/22,31.5
2018/8/23,30.7
2018/8/24,28.1
2018/8/25,28.5
2018/8/26,28.5
2018/8/27,29.3
2018/8/28,28.8
2018/8/29,28.6
2018/8/30,28.3
2018/8/31,28.5
2018/9/1,26.5
2018/9/2,26.2
2018/9/3,27.9
2018/9/4,27
2018/9/5,27
2018/9/6,26.5
2018/9/7,26.1
2018/9/8,23.4
2018/9/9,24.5
2018/9/10,23.7
2018/9/11,24.8
2018/9/12,23.2
2018/9/13,24
2018/9/14,23.8
2018/9/15,25.1
2018/9/16,27.3
2018/9/17,25.8
2018/9/18,25.2
2018/9/19,25.2
2018/9/20,21.6
2018/9/21,23.3
2018/9/22,25.5
2018/9/23,24
2018/9/24,24.2
2018/9/25,22.3
2018/9/26,21
2018/9/27,20.1
2018/9/28,21.7
2018/9/29,19.5
2018/9/30,23.6
2018/10/1,22.1
2018/10/2,21.2
2018/10/3,22.1
2018/10/4,21.2
2018/10/5,24.2
2018/10/6,26
2018/10/7,25.2
2018/10/8,23.4
2018/10/9,23.3
2018/10/10,21.3
2018/10/11,18.5
2018/10/12,18.1
2018/10/13,18.8
2018/10/14,20
2018/10/15,20.1
2018/10/16,19.7
2018/10/17,19.6
2018/10/18,19.4
2018/10/19,19.6
2018/10/20,17.6
2018/10/21,17.1
2018/10/22,18.7
2018/10/23,18.8
2018/10/24,19.3
2018/10/25,18.1
2018/10/26,18.9
2018/10/27,18.6
2018/10/28,16.8
2018/10/29,17.5
2018/10/30,17
2018/10/31,14.7
2018/11/1,14.7
2018/11/2,14.6
2018/11/3,15.7
2018/11/4,17.1
2018/11/5,18
2018/11/6,19.2
2018/11/7,18.2
2018/11/8,18.8
2018/11/9,20.3
2018/11/10,18.2
2018/11/11,16.1
2018/11/12,16.2
2018/11/13,15.7
2018/11/14,13.8
2018/11/15,14.2
2018/11/16,14.7
2018/11/17,15.8
2018/11/18,15.4
2018/11/19,14.3
2018/11/20,13.1
2018/11/21,12.3
2018/11/22,12.1
2018/11/23,9.6
2018/11/24,9.8
2018/11/25,12.1
2018/11/26,13.2
2018/11/27,15
2018/11/28,14.8
2018/11/29,13.8
2018/11/30,13.1
2018/12/1,14
2018/12/2,13.6
2018/12/3,16.1
2018/12/4,19.4
2018/12/5,15.5
2018/12/6,13.2
2018/12/7,11.7
2018/12/8,6.7
2018/12/9,5.6
2018/12/10,6.6
2018/12/11,7.9
2018/12/12,9.7
2018/12/13,8.1
2018/12/14,6.8
2018/12/15,6.5
2018/12/16,7.5
2018/12/17,10.1
2018/12/18,8.5
2018/12/19,10.1
2018/12/20,11.3
2018/12/21,11.5
2018/12/22,12.3
2018/12/23,12.4
2018/12/24,9
2018/12/25,7.6
2018/12/26,9.5
2018/12/27,8.8
2018/12/28,3.5
2018/12/29,3.7
2018/12/30,4.2
2018/12/31,5
2019/1/1,6.1
2019/1/2,6.1
2019/1/3,6
2019/1/4,7
2019/1/5,9.4
2019/1/6,6
2019/1/7,6.5
2019/1/8,8.7
2019/1/9,5
2019/1/10,5
2019/1/11,8.3
2019/1/12,6.6
2019/1/13,7.3
2019/1/14,7.4
2019/1/15,7.4
2019/1/16,7
2019/1/17,7
2019/1/18,6.4
2019/1/19,7.4
2019/1/20,8.7
2019/1/21,7.1
2019/1/22,7.5
2019/1/23,8.4
2019/1/24,6.3
2019/1/25,6.7
2019/1/26,3.5
2019/1/27,4.5
2019/1/28,6.4
2019/1/29,4.9
2019/1/30,6.2
2019/1/31,6.6
2019/2/1,4.8
2019/2/2,6.8
2019/2/3,8.4
2019/2/4,11
2019/2/5,8.9
2019/2/6,9.4
2019/2/7,10.8
2019/2/8,6.7
2019/2/9,5.2
2019/2/10,4.3
2019/2/11,4.2
2019/2/12,6.1
2019/2/13,7.5
2019/2/14,4.9
2019/2/15,4.8
2019/2/16,8.1
2019/2/17,5.8
2019/2/18,7.1
2019/2/19,9.9
2019/2/20,13.1
2019/2/21,8
2019/2/22,9.1
2019/2/23,9.3
2019/2/24,8.5
2019/2/25,10.9
2019/2/26,10.2
2019/2/27,9.3
2019/2/28,10.7
2019/3/1,10.4
2019/3/2,9.8
2019/3/3,10.9
2019/3/4,10.3
2019/3/5,11
2019/3/6,11.9
2019/3/7,9.7
2019/3/8,7.8
2019/3/9,9.8
2019/3/10,11.9
2019/3/11,12.9
2019/3/12,11.4
2019/3/13,9.1
2019/3/14,7.5
2019/3/15,9.2
2019/3/16,8.4
2019/3/17,8
2019/3/18,9
2019/3/19,11.7
2019/3/20,13.1
2019/3/21,16.5
2019/3/22,12
2019/3/23,7.7
2019/3/24,8
2019/3/25,10.2
2019/3/26,13
2019/3/27,13.5
2019/3/28,13.6
2019/3/29,11.8
2019/3/30,13.1
2019/3/31,10.4
2019/4/1,7.9
2019/4/2,7.3
2019/4/3,8.6
2019/4/4,10.7
2019/4/5,14.4
2019/4/6,15.7
2019/4/7,16.1
2019/4/8,14.6
2019/4/9,12
2019/4/10,9.9
2019/4/11,11.1
2019/4/12,12.1
2019/4/13,12.5
2019/4/14,13.7
2019/4/15,14.1
2019/4/16,14.2
2019/4/17,16.4
2019/4/18,16.3
2019/4/19,17.4
2019/4/20,15
2019/4/21,19.4
2019/4/22,20.6
2019/4/23,19.5
2019/4/24,20.2
2019/4/25,19.8
2019/4/26,18.4
2019/4/27,11.9
2019/4/28,12.7
2019/4/29,14.5
2019/4/30,17.5
2019/5/1,16.9
2019/5/2,18.1
2019/5/3,19.3
2019/5/4,19.6
2019/5/5,19.4
2019/5/6,18.4
2019/5/7,15
2019/5/8,15.9
2019/5/9,17.9
2019/5/10,19.8
2019/5/11,21.5
2019/5/12,20.8
2019/5/13,21
2019/5/14,20
2019/5/15,21
2019/5/16,21.4
2019/5/17,21.7
2019/5/18,21.5
2019/5/19,22.1
2019/5/20,21.5
2019/5/21,21.2
2019/5/22,21.2
2019/5/23,21.8
2019/5/24,23.3
2019/5/25,25
2019/5/26,24.8
2019/5/27,24.2
2019/5/28,20.9
2019/5/29,20.4
2019/5/30,21.3
2019/5/31,21.7
2019/6/1,21.9
2019/6/2,21.3
2019/6/3,23.3
2019/6/4,23.7
2019/6/5,24.2
2019/6/6,24.9
2019/6/7,22.4
2019/6/8,22.1
2019/6/9,22.4
2019/6/10,22.3
2019/6/11,22.7
2019/6/12,22.5
2019/6/13,23.4
2019/6/14,23.6
2019/6/15,20.5
2019/6/16,21.6
2019/6/17,21.1
2019/6/18,22.4
2019/6/19,23.4
2019/6/20,24.6
2019/6/21,25.1
2019/6/22,25.5
2019/6/23,23.5
2019/6/24,23.7
2019/6/25,24.3
2019/6/26,24.8
2019/6/27,24.5
2019/6/28,25.8
2019/6/29,26.2
2019/6/30,25.1
2019/7/1,23.8
2019/7/2,24.3
2019/7/3,24.1
2019/7/4,25.7
2019/7/5,25.5
2019/7/6,25.2
2019/7/7,26.3
2019/7/8,25.2
2019/7/9,24.7
2019/7/10,26
2019/7/11,23.6
2019/7/12,25.5
2019/7/13,23.8
2019/7/14,23.3
2019/7/15,25.6
2019/7/16,26.3
2019/7/17,26.4
2019/7/18,25.8
2019/7/19,24.2
2019/7/20,27.4
2019/7/21,28.1
2019/7/22,26.1
2019/7/23,27.7
2019/7/24,28.3
2019/7/25,29
2019/7/26,29.5
2019/7/27,27.7
2019/7/28,28.8
2019/7/29,29.3
2019/7/30,29.7
2019/7/31,30.1
2019/8/1,31
2019/8/2,30.5
2019/8/3,29.6
2019/8/4,29.5
2019/8/5,31.5
2019/8/6,30.7
2019/8/7,29.9
2019/8/8,29.3
2019/8/9,29.1
2019/8/10,29.7
2019/8/11,29.9
2019/8/12,31.8
2019/8/13,32.2
2019/8/14,31.1
2019/8/15,28.9
2019/8/16,28.4
2019/8/17,29.8
2019/8/18,29.4
2019/8/19,28.4
2019/8/20,28.1
2019/8/21,29.1
2019/8/22,29.1
2019/8/23,26.9
2019/8/24,25.9
2019/8/25,26.4
2019/8/26,26.3
2019/8/27,25.2
2019/8/28,26.6
2019/8/29,27.2
2019/8/30,25.8
2019/8/31,24.9
2019/9/1,25.9
2019/9/2,28
2019/9/3,28.4
2019/9/4,28.7
2019/9/5,28.6
2019/9/6,29.6
2019/9/7,29.8
2019/9/8,30.7
2019/9/9,29.4
2019/9/10,29.9
2019/9/11,29.2
2019/9/12,27
2019/9/13,24.8
2019/9/14,27.3
2019/9/15,28.3
2019/9/16,27.8
2019/9/17,27.7
2019/9/18,26
2019/9/19,23.9
2019/9/20,21.6
2019/9/21,22.3
2019/9/22,25.2
2019/9/23,26.6
2019/9/24,23.6
2019/9/25,24.2
2019/9/26,25.6
2019/9/27,26.2
2019/9/28,26.1
2019/9/29,27
2019/9/30,27.6
2019/10/1,27.4
2019/10/2,26.1
2019/10/3,24.8
2019/10/4,25.2
2019/10/5,23.6
2019/10/6,22.5
2019/10/7,23.1
2019/10/8,23
2019/10/9,20.4
2019/10/10,23.3
2019/10/11,26.4
2019/10/12,22.5
2019/10/13,19.2
2019/10/14,19.6
2019/10/15,18.4
2019/10/16,17.7
2019/10/17,20
2019/10/18,21.3
2019/10/19,22
2019/10/20,21.2
2019/10/21,19.6
2019/10/22,20.7
2019/10/23,20.8
2019/10/24,19.6
2019/10/25,18.5
2019/10/26,19.4
2019/10/27,19.5
2019/10/28,18.5
2019/10/29,16.6
2019/10/30,17.3
2019/10/31,17.8
2019/11/1,17.9
2019/11/2,16.4
2019/11/3,17.1
2019/11/4,15.7
2019/11/5,14.8
2019/11/6,14.6
2019/11/7,15.9
2019/11/8,15.2
2019/11/9,15.2
2019/11/10,15.5
2019/11/11,16.3
2019/11/12,17
2019/11/13,17.1
2019/11/14,14.9
2019/11/15,11.8
2019/11/16,14.3
2019/11/17,15.4
2019/11/18,18.2
2019/11/19,13.7
2019/11/20,10.5
2019/11/21,11.3
2019/11/22,14.1
2019/11/23,16.8
2019/11/24,16.4
2019/11/25,15.8
2019/11/26,13.3
2019/11/27,14.2
2019/11/28,10.5
2019/11/29,8.3
2019/11/30,9.1
2019/12/1,11.6
2019/12/2,13.7
2019/12/3,9.2
2019/12/4,9.3
2019/12/5,9
2019/12/6,7.4
2019/12/7,7.7
2019/12/8,9.5
2019/12/9,9.5
2019/12/10,10.4
2019/12/11,10.8
2019/12/12,10.6
2019/12/13,8.5
2019/12/14,9.9
2019/12/15,9.2
2019/12/16,9.5
2019/12/17,13
2019/12/18,12.8
2019/12/19,9.9
2019/12/20,10.5
2019/12/21,9.4
2019/12/22,8.2
2019/12/23,9.9
2019/12/24,9.8
2019/12/25,10.1
2019/12/26,10.9
2019/12/27,9
2019/12/28,7.6
2019/12/29,8.9
2019/12/30,10.8
2019/12/31,9.6
2020/1/1,6.5
2020/1/2,8.4
2020/1/3,9.7
2020/1/4,9.4
2020/1/5,6.7
2020/1/6,7.3
2020/1/7,7.7
2020/1/8,13
2020/1/9,10.4
2020/1/10,9.3
2020/1/11,8.1
2020/1/12,9
2020/1/13,8.6
2020/1/14,7.4
2020/1/15,7.3
2020/1/16,6.9
2020/1/17,7.7
2020/1/18,8.6
2020/1/19,8
2020/1/20,9.5
2020/1/21,7.6
2020/1/22,7.6
2020/1/23,10.6
2020/1/24,11.4
2020/1/25,8.5
2020/1/26,9.4
2020/1/27,9.2
2020/1/28,12.7
2020/1/29,11.5
2020/1/30,8.5
2020/1/31,6.4
2020/2/1,7
2020/2/2,7.7
2020/2/3,8.4
2020/2/4,7.5
2020/2/5,7
2020/2/6,2.8
2020/2/7,3.3
2020/2/8,7
2020/2/9,3.7
2020/2/10,5.6
2020/2/11,6.9
2020/2/12,9.9
2020/2/13,14.7
2020/2/14,12.1
2020/2/15,11.3
2020/2/16,12.6
2020/2/17,7.4
2020/2/18,5.2
2020/2/19,7.4
2020/2/20,8.7
2020/2/21,9.5
2020/2/22,10.9
2020/2/23,9.2
2020/2/24,8.8
2020/2/25,11.2
2020/2/26,10.4
2020/2/27,6.4
2020/2/28,7
2020/2/29,8.5
2020/3/1,10.6
2020/3/2,12.3
2020/3/3,10.5
2020/3/4,9.4
2020/3/5,7.2
2020/3/6,7.7
2020/3/7,9.4
2020/3/8,11
2020/3/9,12.4
2020/3/10,14.8
2020/3/11,12.5
2020/3/12,9.9
2020/3/13,11.5
2020/3/14,9.3
2020/3/15,8.4
2020/3/16,5.9
2020/3/17,8.6
2020/3/18,12.9
2020/3/19,15.2
2020/3/20,12.7
2020/3/21,13.2
2020/3/22,15.5
2020/3/23,12.5
2020/3/24,9.9
2020/3/25,10
2020/3/26,14.2
2020/3/27,16.9
2020/3/28,13.6
2020/3/29,9.9
2020/3/30,11.1
2020/3/31,15.4
2020/4/1,14.2
2020/4/2,11.8
2020/4/3,11.7
2020/4/4,14.9
2020/4/5,10.4
2020/4/6,10.9
2020/4/7,12.3
2020/4/8,14.4
2020/4/9,13
2020/4/10,11.3
2020/4/11,11.1
2020/4/12,10.1
2020/4/13,11.1
2020/4/14,12.7
2020/4/15,13.4
2020/4/16,15
2020/4/17,15.8
2020/4/18,15.5
2020/4/19,15.3
2020/4/20,16.2
2020/4/21,16
2020/4/22,12.7
2020/4/23,11.5
2020/4/24,11.6
2020/4/25,14
2020/4/26,17.1
2020/4/27,15.4
2020/4/28,15.2
2020/4/29,16
2020/4/30,17.9
2020/5/1,19.4
2020/5/2,20.5
2020/5/3,19.2
2020/5/4,20.6
2020/5/5,22
2020/5/6,20.5
2020/5/7,17.6
2020/5/8,17.8
2020/5/9,18.7
2020/5/10,20.5
2020/5/11,21.6
2020/5/12,21.2
2020/5/13,21.1
2020/5/14,19.9
2020/5/15,19.9
2020/5/16,17.3
2020/5/17,20.7
2020/5/18,21.1
2020/5/19,20.8
2020/5/20,19.7
2020/5/21,18.2
2020/5/22,20.4
2020/5/23,22.3
2020/5/24,22.4
2020/5/25,22.3
2020/5/26,21.5
2020/5/27,21.6
2020/5/28,21.8
2020/5/29,22.6
2020/5/30,23
2020/5/31,20.9
2020/6/1,22.3
2020/6/2,23.9
2020/6/3,23.3
2020/6/4,24
2020/6/5,24.8
2020/6/6,25.1
2020/6/7,24.8
2020/6/8,23.6
2020/6/9,24.4
2020/6/10,24.8
2020/6/11,23.3
2020/6/12,24.1
2020/6/13,23.9
2020/6/14,24.6
2020/6/15,26.3
2020/6/16,25.4
2020/6/17,24.2
2020/6/18,21
2020/6/19,20.8
2020/6/20,22.7
2020/6/21,23.7
2020/6/22,25.8
2020/6/23,25.9
2020/6/24,25.6
2020/6/25,25.2
2020/6/26,26.2
2020/6/27,26.1
2020/6/28,24.2
2020/6/29,25.1
2020/6/30,24.1
2020/7/1,24.4
2020/7/2,24.2
2020/7/3,22.3
2020/7/4,23.8
2020/7/5,24.9
2020/7/6,24.7
2020/7/7,24.9
2020/7/8,24.6
2020/7/9,25.2
2020/7/10,25.5
2020/7/11,25.4
2020/7/12,25.7
2020/7/13,21.6
2020/7/14,24.7
2020/7/15,24.7
2020/7/16,25.3
2020/7/17,25.1
2020/7/18,25.8
2020/7/19,27.2
2020/7/20,28
2020/7/21,28.9
2020/7/22,28.3
2020/7/23,27.3
2020/7/24,26.3
2020/7/25,25.1
2020/7/26,25.4
2020/7/27,26.2
2020/7/28,26.7
2020/7/29,28.1
2020/7/30,27.4
2020/7/31,28.2
2020/8/1,28.4
2020/8/2,28.6
2020/8/3,28.2
2020/8/4,28.7
2020/8/5,29
2020/8/6,28.7
2020/8/7,28.8
2020/8/8,28.6
2020/8/9,29.1
2020/8/10,30.1
2020/8/11,29.4
2020/8/12,30.2
2020/8/13,30.9
2020/8/14,30.7
2020/8/15,31.7
2020/8/16,32.1
2020/8/17,32.4
2020/8/18,31.5
2020/8/19,30.4
2020/8/20,30.6
2020/8/21,30.6
2020/8/22,30
2020/8/23,29.8
2020/8/24,29.6
2020/8/25,30.2
2020/8/26,30.2
2020/8/27,30
2020/8/28,30
2020/8/29,30.6
2020/8/30,30.3
2020/8/31,30.7
2020/9/1,30.6
2020/9/2,29.5
2020/9/3,29.6
2020/9/4,28.5
2020/9/5,29.3
2020/9/6,28.3
2020/9/7,27.9
2020/9/8,28.3
2020/9/9,25.7
2020/9/10,25.5
2020/9/11,27.2
2020/9/12,28.4
2020/9/13,26.9
2020/9/14,24.6
2020/9/15,24.9
2020/9/16,25.8
2020/9/17,27
2020/9/18,26.9
2020/9/19,25.2
2020/9/20,23.7
2020/9/21,23.7
2020/9/22,24.1
2020/9/23,26
2020/9/24,24.9
2020/9/25,22
2020/9/26,22.9
2020/9/27,22.5
2020/9/28,22.2
2020/9/29,23.3
2020/9/30,22.9
2020/10/1,22.4
2020/10/2,22.3
2020/10/3,23.4
2020/10/4,23.9
2020/10/5,22.5
2020/10/6,20.1
2020/10/7,20.5
2020/10/8,17.1
2020/10/9,19
2020/10/10,22.3
2020/10/11,22.6
2020/10/12,22.8
2020/10/13,22.5
2020/10/14,21
2020/10/15,19.7
2020/10/16,19.5
2020/10/17,13.7
2020/10/18,15.4
2020/10/19,16.1
2020/10/20,17.7
2020/10/21,19.4
2020/10/22,20.3
2020/10/23,18.5
2020/10/24,15.9
2020/10/25,15.3
2020/10/26,16.7
2020/10/27,16.9
2020/10/28,17
2020/10/29,17.4
2020/10/30,14.9
2020/10/31,14.5
2020/11/1,17.9
2020/11/2,17
2020/11/3,15.6
2020/11/4,12.4
2020/11/5,13.4
2020/11/6,16.3
2020/11/7,17.8
2020/11/8,17.7
2020/11/9,13.7
2020/11/10,12.4
2020/11/11,11.8
2020/11/12,13.3
2020/11/13,15.5
2020/11/14,15.2
2020/11/15,15.5
2020/11/16,17.8
2020/11/17,17.6
2020/11/18,19.2
2020/11/19,20.8
2020/11/20,20.9
2020/11/21,14.2
2020/11/22,14.4
2020/11/23,14.8
2020/11/24,12.7
2020/11/25,12.6
2020/11/26,13.6
2020/11/27,15
2020/11/28,11.5
2020/11/29,10.8
2020/11/30,11.2
2020/12/1,11.4
2020/12/2,11.4
2020/12/3,11.7
2020/12/4,11
2020/12/5,11.2
2020/12/6,10.5
2020/12/7,11.6
2020/12/8,12.2
2020/12/9,10.6
2020/12/10,11.1
2020/12/11,12.7
2020/12/12,13.2
2020/12/13,10.4
2020/12/14,8.8
2020/12/15,4.8
2020/12/16,3.9
2020/12/17,4.2
2020/12/18,7
2020/12/19,6.2
2020/12/20,5.4
2020/12/21,6.5
2020/12/22,8.1
2020/12/23,8.6
2020/12/24,8.2
2020/12/25,7.9
2020/12/26,7.1
2020/12/27,8
2020/12/28,9.3
2020/12/29,9.5
2020/12/30,7.4
2020/12/31,3
2021/1/1,3.9
2021/1/2,5
2021/1/3,5.7
2021/1/4,6.5
2021/1/5,6.7
2021/1/6,6.3
2021/1/7,2.6
2021/1/8,-0.5
2021/1/9,0.3
2021/1/10,2.1
2021/1/11,3.5
2021/1/12,3.5
2021/1/13,5.5
2021/1/14,8.2
2021/1/15,9.4
2021/1/16,9.5
2021/1/17,6.4
2021/1/18,4.5
2021/1/19,3.7
2021/1/20,4.1
2021/1/21,6.6
2021/1/22,9.3
2021/1/23,9.2
2021/1/24,8.9
2021/1/25,10.2
2021/1/26,12.6
2021/1/27,11.5
2021/1/28,8.3
2021/1/29,3.1
2021/1/30,4.2
2021/1/31,7.4
2021/2/1,10
2021/2/2,9.8
2021/2/3,5.1
2021/2/4,6.3
2021/2/5,7.7
2021/2/6,10.4
2021/2/7,10.2
2021/2/8,6.9
2021/2/9,4.6
2021/2/10,7.3
2021/2/11,9.4
2021/2/12,10.3
2021/2/13,13.6
2021/2/14,14.2
2021/2/15,14.1
2021/2/16,8.1
2021/2/17,3.6
2021/2/18,2.1
2021/2/19,4.7
2021/2/20,9.8
2021/2/21,14.1
2021/2/22,14.9
2021/2/23,10.6
2021/2/24,6.4
2021/2/25,7
2021/2/26,8.1
2021/2/27,7.1
2021/2/28,10.3
2021/3/1,14.5
2021/3/2,10.7
2021/3/3,6.9
2021/3/4,11.3
2021/3/5,13
2021/3/6,11.8
2021/3/7,8.7
2021/3/8,8.9
2021/3/9,8.5
2021/3/10,11
2021/3/11,9
2021/3/12,12.3
2021/3/13,12
2021/3/14,10.9
2021/3/15,11.5
2021/3/16,13.6
2021/3/17,12.1
2021/3/18,11.1
2021/3/19,13.4
2021/3/20,15.8
2021/3/21,15.1
2021/3/22,9.9
2021/3/23,9.8
2021/3/24,13.6
2021/3/25,13.9
2021/3/26,13.9
2021/3/27,13.8
2021/3/28,15.7
2021/3/29,16.6
2021/3/30,16.8
2021/3/31,15.4
2021/4/1,16.7
2021/4/2,19.1
2021/4/3,17.9
2021/4/4,17.4
2021/4/5,12.3
2021/4/6,11.6
2021/4/7,13.8
2021/4/8,14.7
2021/4/9,11.7
2021/4/10,10.6
2021/4/11,13.2
2021/4/12,16.7
2021/4/13,17.2
2021/4/14,14.4
2021/4/15,12.5
2021/4/16,16.3
2021/4/17,14.4
2021/4/18,11.3
2021/4/19,13.2
2021/4/20,16.4
2021/4/21,18.3
2021/4/22,18.9
2021/4/23,18.2
2021/4/24,17.5
2021/4/25,16.7
2021/4/26,13.8
2021/4/27,15.5
2021/4/28,17.1
2021/4/29,15.2
2021/4/30,17.1
2021/5/1,17.5
2021/5/2,13.8
2021/5/3,15.2
2021/5/4,17.8
2021/5/5,17.4
2021/5/6,17.8
2021/5/7,17.4
2021/5/8,18.5
2021/5/9,20.9
2021/5/10,18.9
2021/5/11,19.3
2021/5/12,18.1
2021/5/13,21.6
2021/5/14,22
2021/5/15,21.6
2021/5/16,21.5
2021/5/17,22
2021/5/18,21.5
2021/5/19,20.8
2021/5/20,20.9
2021/5/21,20.9
2021/5/22,19.7
2021/5/23,20.9
2021/5/24,20.3
2021/5/25,20.7
2021/5/26,20
2021/5/27,17.1
2021/5/28,20.3
2021/5/29,22.9
2021/5/30,21.4
2021/5/31,21.8
2021/6/1,22.5
2021/6/2,23.3
2021/6/3,22.7
2021/6/4,21.2
2021/6/5,20.8
2021/6/6,22.1
2021/6/7,24.1
2021/6/8,25.4
2021/6/9,25.6
2021/6/10,24.6
2021/6/11,23.6
2021/6/12,23.9
2021/6/13,23.6
2021/6/14,23.9
2021/6/15,24.4
2021/6/16,22.5
2021/6/17,24.4
2021/6/18,22.9
2021/6/19,21.6
2021/6/20,23.5
2021/6/21,23.7
2021/6/22,23.9
2021/6/23,24.2
2021/6/24,24.4
2021/6/25,24.7
2021/6/26,24.3
2021/6/27,24.2
2021/6/28,24.4
2021/6/29,24.7
2021/6/30,25.2
2021/7/1,23.8
2021/7/2,24.7
2021/7/3,26.3
2021/7/4,26.7
2021/7/5,27.2
2021/7/6,27.8
2021/7/7,25.7
2021/7/8,25.2
2021/7/9,26.4
2021/7/10,27
2021/7/11,28.1
2021/7/12,26.1
2021/7/13,26.5
2021/7/14,26.6
2021/7/15,26
2021/7/16,26.6
2021/7/17,28.8
2021/7/18,28.6
2021/7/19,28.7
2021/7/20,28
2021/7/21,28.7
2021/7/22,28.8
2021/7/23,28.6
2021/7/24,28.4
2021/7/25,28.5
2021/7/26,29.2
2021/7/27,29.7
2021/7/28,28.7
2021/7/29,28.5
2021/7/30,29.1
2021/7/31,29.6
2021/8/1,29.2
2021/8/2,29.6
2021/8/3,27.7
2021/8/4,29.4
2021/8/5,29.7
2021/8/6,30.4
2021/8/7,31.2
2021/8/8,30.4
2021/8/9,27.4
2021/8/10,28.3
2021/8/11,27.3
2021/8/12,25.1
2021/8/13,25.5
2021/8/14,26.2
2021/8/15,25.1
2021/8/16,25.5
2021/8/17,24.5
2021/8/18,25.5
2021/8/19,23.7
2021/8/20,24.9
2021/8/21,26.3
2021/8/22,27.2
2021/8/23,27.6
2021/8/24,27.5
2021/8/25,28.2
2021/8/26,29.2
2021/8/27,29.4
2021/8/28,29.9
2021/8/29,30
2021/8/30,29.9
2021/8/31,29.6
2021/9/1,28
2021/9/2,25.3
2021/9/3,23.2
2021/9/4,24.6
2021/9/5,25.9
2021/9/6,26.1
2021/9/7,25.3
2021/9/8,25
2021/9/9,24.9
2021/9/10,26.1
2021/9/11,25.5
2021/9/12,24.7
2021/9/13,25.3
2021/9/14,21.9
2021/9/15,23.9
2021/9/16,24.3
2021/9/17,24.2
2021/9/18,26
2021/9/19,25.7
2021/9/20,25.8
2021/9/21,26
2021/9/22,25.9
2021/9/23,25.8
2021/9/24,24.7
2021/9/25,25.4
2021/9/26,22.4
2021/9/27,24.6
2021/9/28,24.7
2021/9/29,25.9
2021/9/30,25.9
2021/10/1,25.1
2021/10/2,23.7
2021/10/3,24.4
2021/10/4,24.9
2021/10/5,25
2021/10/6,24.1
2021/10/7,24.8
2021/10/8,25.5
2021/10/9,25.5